{
  "frames_processed": 91,
  "size_per_frame_bytes": 947,
  "total_size_mb": 0.0821847915649414,
  "estimated_1000_frames_mb": 0.9031295776367188
}